{"cameraMode":{"drawMode":0,"name":"Shaded","section":"Shading Mode"},"sceneLighting":false,"audioPlay":false,"sceneViewState":{"showFog":true,"showMaterialUpdate":false,"showSkybox":true,"showFlares":true,"showImageEffects":true,"showParticleSystems":true},"in2DMode":false,"pivot":{"x":0.02804511785507202,"y":0.14133654534816743,"z":0.04956179857254028},"rotation":{"x":0.09116412699222565,"y":-0.8820698261260986,"z":0.1910606473684311,"w":0.4208774268627167},"size":5.038022518157959,"orthographic":false}