{"cameraMode":{"drawMode":0,"name":"Shaded","section":"Shading Mode"},"sceneLighting":false,"audioPlay":false,"sceneViewState":{"showFog":true,"showMaterialUpdate":false,"showSkybox":true,"showFlares":true,"showImageEffects":true,"showParticleSystems":true},"in2DMode":false,"pivot":{"x":0.7197728157043457,"y":3.9457814693450929,"z":0.1656343936920166},"rotation":{"x":0.12996834516525269,"y":-0.7653257250785828,"z":0.1633717566728592,"w":0.6088468432426453},"size":17.225727081298829,"orthographic":false}